{
	"info": {
		"_postman_id": "1d5edd05-d1db-484b-bf43-432a0f57c39c",
		"name": "softhealth-nutrl_api",
		"schema": "https://schema.getpostman.com/json/collection/v2.1.0/collection.json",
		"_exporter_id": "15387133"
	},
	"item": [
		{
			"name": "Login",
			"item": [
				{
					"name": "login",
					"request": {
						"auth": {
							"type": "basic",
							"basic": [
								{
									"key": "password",
									"value": "s0port3-S0fth34l7",
									"type": "string"
								},
								{
									"key": "username",
									"value": "admin.DEV.Softhealth",
									"type": "string"
								}
							]
						},
						"method": "POST",
						"header": [],
						"body": {
							"mode": "urlencoded",
							"urlencoded": [
								{
									"key": "txt_email_usu",
									"value": "pruebas.calori@kannbal.com",
									"description": "Caja de texto con email de usuario",
									"type": "text"
								},
								{
									"key": "txt_password",
									"value": "K@70r1-2023-T3sT1nG=3*",
									"description": "Caja de Texto Con COntraseña de usuarios",
									"type": "text"
								}
							]
						},
						"url": {
							"raw": "https://api.kannbal.com/api_crud/api/control_login.php?action=login_usu",
							"protocol": "https",
							"host": [
								"api",
								"kannbal",
								"com"
							],
							"path": [
								"api_crud",
								"api",
								"control_login.php"
							],
							"query": [
								{
									"key": "action",
									"value": "login_usu"
								}
							]
						}
					},
					"response": []
				},
				{
					"name": "login_registrar_usu",
					"request": {
						"auth": {
							"type": "basic",
							"basic": [
								{
									"key": "password",
									"value": "s0port3-S0fth34l7",
									"type": "string"
								},
								{
									"key": "username",
									"value": "admin.DEV.Softhealth",
									"type": "string"
								}
							]
						},
						"method": "POST",
						"header": [],
						"body": {
							"mode": "urlencoded",
							"urlencoded": [
								{
									"key": "txt_nombre",
									"value": "Usuarios",
									"description": "Caja de Texto",
									"type": "text"
								},
								{
									"key": "txt_apellido",
									"value": "Pruebas",
									"description": "Caja de Texto",
									"type": "text"
								},
								{
									"key": "txt_email",
									"value": "pruebas.calori@kannbal.com",
									"description": "Caja de Texto",
									"type": "text"
								},
								{
									"key": "txt_password",
									"value": "K@70r1-2023-T3sT1nG=3*",
									"description": "Caja de Texto",
									"type": "text"
								}
							]
						},
						"url": {
							"raw": "https://api.kannbal.com/api_crud/api/control_login.php?action=registrar_usu",
							"protocol": "https",
							"host": [
								"api",
								"kannbal",
								"com"
							],
							"path": [
								"api_crud",
								"api",
								"control_login.php"
							],
							"query": [
								{
									"key": "action",
									"value": "registrar_usu"
								}
							]
						}
					},
					"response": []
				},
				{
					"name": "login_update_reg",
					"request": {
						"auth": {
							"type": "noauth"
						},
						"method": "POST",
						"header": [],
						"body": {
							"mode": "urlencoded",
							"urlencoded": [
								{
									"key": "txt_email",
									"value": "anita.mandarina@demo.com",
									"description": "Es el parametro que espera para saber que es el usuario al que se le va a actualizar la informacion.",
									"type": "text"
								},
								{
									"key": "txt_sexo",
									"value": "Mujer",
									"description": "Hombre,Mujer",
									"type": "text"
								},
								{
									"key": "txt_edad",
									"value": "22",
									"description": "Entero",
									"type": "text"
								},
								{
									"key": "txt_peso",
									"value": "59.2",
									"description": "decimal (max 9999.999)",
									"type": "text"
								},
								{
									"key": "txt_altura",
									"value": "1.6",
									"description": "decimal (max 9999.999)",
									"type": "text"
								},
								{
									"key": "txt_imc",
									"value": "10",
									"type": "text"
								},
								{
									"key": "txt_enfermedades",
									"value": "{\"rojo\":\"#f00\",\"verde\":\"#0f0\",\"azul\":\"#00f\",\"cyan\":\"#0ff\",\"magenta\":\"#f0f\",\"negro\":\"#000\"}",
									"description": "cadena json/arreglo",
									"type": "text"
								},
								{
									"key": "txt_respuestasCuest",
									"value": "resp1-resp2-resp3-resp4",
									"description": "cadena json/arreglo",
									"type": "text"
								}
							]
						},
						"url": {
							"raw": "http://api.kannbal.com/api_crud/api/control_login.php?action=update_reg_usu",
							"protocol": "http",
							"host": [
								"api",
								"kannbal",
								"com"
							],
							"path": [
								"api_crud",
								"api",
								"control_login.php"
							],
							"query": [
								{
									"key": "action",
									"value": "update_reg_usu"
								}
							]
						}
					},
					"response": []
				}
			]
		},
		{
			"name": "Usuario",
			"item": [
				{
					"name": "Usuario_GET_ALL",
					"protocolProfileBehavior": {
						"disableBodyPruning": true
					},
					"request": {
						"auth": {
							"type": "basic",
							"basic": [
								{
									"key": "password",
									"value": "s0port3-S0fth34l7",
									"type": "string"
								},
								{
									"key": "username",
									"value": "admin.DEV.Softhealth",
									"type": "string"
								}
							]
						},
						"method": "GET",
						"header": [],
						"body": {
							"mode": "urlencoded",
							"urlencoded": [
								{
									"key": "action",
									"value": "fetch_single",
									"type": "text"
								}
							]
						},
						"url": {
							"raw": "http://lms.softhealth.com.mx/api_crud/api/control_usuarios.php?action=fetch_all",
							"protocol": "http",
							"host": [
								"lms",
								"softhealth",
								"com",
								"mx"
							],
							"path": [
								"api_crud",
								"api",
								"control_usuarios.php"
							],
							"query": [
								{
									"key": "action",
									"value": "fetch_all"
								}
							]
						}
					},
					"response": []
				},
				{
					"name": "Usuario_Create",
					"request": {
						"auth": {
							"type": "basic",
							"basic": [
								{
									"key": "password",
									"value": "s0port3-S0fth34l7",
									"type": "string"
								},
								{
									"key": "username",
									"value": "admin.DEV.Softhealth",
									"type": "string"
								}
							]
						},
						"method": "POST",
						"header": [],
						"body": {
							"mode": "urlencoded",
							"urlencoded": [
								{
									"key": "txt_nombre",
									"value": "Anita",
									"type": "text"
								},
								{
									"key": "txt_apellido",
									"value": "Mandarina",
									"type": "text"
								},
								{
									"key": "txt_email",
									"value": "anita.mandarina@demo.com",
									"type": "text"
								},
								{
									"key": "txt_password",
									"value": "sopita",
									"type": "text"
								},
								{
									"key": "txt_sexo",
									"value": "Mujer",
									"type": "text"
								},
								{
									"key": "str_anioNac",
									"value": "1993-10-04",
									"type": "text"
								},
								{
									"key": "txt_rol",
									"value": "Doctor",
									"type": "text"
								},
								{
									"key": "txt_peso",
									"value": "80 kg",
									"type": "text"
								},
								{
									"key": "txt_altura",
									"value": "1.8 m",
									"type": "text"
								},
								{
									"key": "str_enfermedades",
									"value": "{\n    \"rojo\":\"#f00\",\n    \"verde\":\"#0f0\",\n    \"azul\":\"#00f\",\n    \"cyan\":\"#0ff\",\n    \"magenta\":\"#f0f\",\n    \"amarillo\":\"#ff0\",\n    \"negro\":\"#000\"\n}",
									"type": "text"
								}
							]
						},
						"url": {
							"raw": "http://lms.softhealth.com.mx/api_crud/api/control_usuarios.php?action=insert",
							"protocol": "http",
							"host": [
								"lms",
								"softhealth",
								"com",
								"mx"
							],
							"path": [
								"api_crud",
								"api",
								"control_usuarios.php"
							],
							"query": [
								{
									"key": "action",
									"value": "insert"
								}
							]
						}
					},
					"response": []
				},
				{
					"name": "Usuario_GET_ALL_PAGINA",
					"request": {
						"auth": {
							"type": "basic",
							"basic": [
								{
									"key": "password",
									"value": "s0port3-S0fth34l7",
									"type": "string"
								},
								{
									"key": "username",
									"value": "admin.DEV.Softhealth",
									"type": "string"
								}
							]
						},
						"method": "POST",
						"header": [],
						"body": {
							"mode": "urlencoded",
							"urlencoded": [
								{
									"key": "int_Inicio",
									"value": "1",
									"type": "text"
								},
								{
									"key": "int_RegPag",
									"value": "3",
									"type": "text"
								}
							]
						},
						"url": {
							"raw": "http://lms.softhealth.com.mx/api_crud/api/control_usuarios.php?action=fetch_all_pag",
							"protocol": "http",
							"host": [
								"lms",
								"softhealth",
								"com",
								"mx"
							],
							"path": [
								"api_crud",
								"api",
								"control_usuarios.php"
							],
							"query": [
								{
									"key": "action",
									"value": "fetch_all_pag"
								}
							]
						}
					},
					"response": []
				},
				{
					"name": "Usuario_Get_One_Mail",
					"request": {
						"auth": {
							"type": "basic",
							"basic": [
								{
									"key": "password",
									"value": "s0port3-S0fth34l7",
									"type": "string"
								},
								{
									"key": "username",
									"value": "admin.DEV.Softhealth",
									"type": "string"
								}
							]
						},
						"method": "POST",
						"header": [],
						"body": {
							"mode": "urlencoded",
							"urlencoded": [
								{
									"key": "email_usu",
									"value": "Nose@yopmail.com",
									"type": "text"
								}
							]
						},
						"url": {
							"raw": "http://lms.softhealth.com.mx/api_crud/api/control_usuarios.php?action=fetch_single_mail",
							"protocol": "http",
							"host": [
								"lms",
								"softhealth",
								"com",
								"mx"
							],
							"path": [
								"api_crud",
								"api",
								"control_usuarios.php"
							],
							"query": [
								{
									"key": "action",
									"value": "fetch_single_mail"
								}
							]
						}
					},
					"response": []
				},
				{
					"name": "Usuario_Get_One",
					"request": {
						"auth": {
							"type": "basic",
							"basic": [
								{
									"key": "password",
									"value": "s0port3-S0fth34l7",
									"type": "string"
								},
								{
									"key": "username",
									"value": "admin.DEV.Softhealth",
									"type": "string"
								}
							]
						},
						"method": "POST",
						"header": [],
						"body": {
							"mode": "urlencoded",
							"urlencoded": [
								{
									"key": "id_usu",
									"value": "11",
									"type": "text"
								}
							]
						},
						"url": {
							"raw": "http://lms.softhealth.com.mx/api_crud/api/control_usuarios.php?action=fetch_single",
							"protocol": "http",
							"host": [
								"lms",
								"softhealth",
								"com",
								"mx"
							],
							"path": [
								"api_crud",
								"api",
								"control_usuarios.php"
							],
							"query": [
								{
									"key": "action",
									"value": "fetch_single"
								}
							]
						}
					},
					"response": []
				},
				{
					"name": "Usuario_Delete",
					"request": {
						"auth": {
							"type": "basic",
							"basic": [
								{
									"key": "password",
									"value": "s0port3-S0fth34l7",
									"type": "string"
								},
								{
									"key": "username",
									"value": "admin.DEV.Softhealth",
									"type": "string"
								}
							]
						},
						"method": "POST",
						"header": [],
						"body": {
							"mode": "urlencoded",
							"urlencoded": [
								{
									"key": "id",
									"value": "9",
									"type": "default"
								}
							]
						},
						"url": {
							"raw": "http://lms.softhealth.com.mx/api_crud/api/control_usuarios.php?action=delete",
							"protocol": "http",
							"host": [
								"lms",
								"softhealth",
								"com",
								"mx"
							],
							"path": [
								"api_crud",
								"api",
								"control_usuarios.php"
							],
							"query": [
								{
									"key": "action",
									"value": "delete"
								}
							]
						}
					},
					"response": []
				},
				{
					"name": "Usuario_Update",
					"request": {
						"auth": {
							"type": "basic",
							"basic": [
								{
									"key": "password",
									"value": "s0port3-S0fth34l7",
									"type": "string"
								},
								{
									"key": "username",
									"value": "admin.DEV.Softhealth",
									"type": "string"
								}
							]
						},
						"method": "POST",
						"header": [],
						"body": {
							"mode": "urlencoded",
							"urlencoded": [
								{
									"key": "val_id",
									"value": "3",
									"type": "text"
								},
								{
									"key": "txt_nombre",
									"value": "Juanita",
									"type": "text"
								},
								{
									"key": "txt_apellido",
									"value": "Mandarina",
									"type": "text"
								},
								{
									"key": "txt_email",
									"value": "anita.mandarina@demo.com",
									"type": "text"
								},
								{
									"key": "txt_password",
									"value": "sopita",
									"type": "text"
								},
								{
									"key": "txt_sexo",
									"value": "Mujer",
									"type": "text"
								},
								{
									"key": "txt_rol",
									"value": "1",
									"type": "text"
								},
								{
									"key": "txt_peso",
									"value": "",
									"type": "text"
								},
								{
									"key": "txt_altura",
									"value": "",
									"type": "text"
								}
							]
						},
						"url": {
							"raw": "http://api.kannbal.com/api_crud/api/control_usuarios.php?action=update",
							"protocol": "http",
							"host": [
								"api",
								"kannbal",
								"com"
							],
							"path": [
								"api_crud",
								"api",
								"control_usuarios.php"
							],
							"query": [
								{
									"key": "action",
									"value": "update"
								}
							]
						}
					},
					"response": []
				},
				{
					"name": "Usuario_Existe",
					"request": {
						"auth": {
							"type": "basic",
							"basic": [
								{
									"key": "password",
									"value": "s0port3-S0fth34l7",
									"type": "string"
								},
								{
									"key": "username",
									"value": "admin.DEV.Softhealth",
									"type": "string"
								}
							]
						},
						"method": "POST",
						"header": [],
						"body": {
							"mode": "urlencoded",
							"urlencoded": [
								{
									"key": "txt_email_usu",
									"value": "juan.banana@demo.com",
									"type": "text"
								}
							]
						},
						"url": {
							"raw": "http://lms.softhealth.com.mx/api_crud/api/control_usuarios.php?action=existe_usu",
							"protocol": "http",
							"host": [
								"lms",
								"softhealth",
								"com",
								"mx"
							],
							"path": [
								"api_crud",
								"api",
								"control_usuarios.php"
							],
							"query": [
								{
									"key": "action",
									"value": "existe_usu"
								}
							]
						}
					},
					"response": []
				},
				{
					"name": "Usuario_total",
					"request": {
						"auth": {
							"type": "basic",
							"basic": [
								{
									"key": "password",
									"value": "s0port3-S0fth34l7",
									"type": "string"
								},
								{
									"key": "username",
									"value": "admin.DEV.Softhealth",
									"type": "string"
								}
							]
						},
						"method": "POST",
						"header": [],
						"body": {
							"mode": "urlencoded",
							"urlencoded": []
						},
						"url": {
							"raw": "http://lms.softhealth.com.mx/api_crud/api/control_usuarios.php?action=total_usuarios",
							"protocol": "http",
							"host": [
								"lms",
								"softhealth",
								"com",
								"mx"
							],
							"path": [
								"api_crud",
								"api",
								"control_usuarios.php"
							],
							"query": [
								{
									"key": "action",
									"value": "total_usuarios"
								}
							]
						}
					},
					"response": []
				},
				{
					"name": "Usuario_Baja",
					"request": {
						"auth": {
							"type": "basic",
							"basic": [
								{
									"key": "password",
									"value": "s0port3-S0fth34l7",
									"type": "string"
								},
								{
									"key": "username",
									"value": "admin.DEV.Softhealth",
									"type": "string"
								}
							]
						},
						"method": "POST",
						"header": [],
						"body": {
							"mode": "urlencoded",
							"urlencoded": [
								{
									"key": "id",
									"value": "3",
									"type": "text"
								}
							]
						},
						"url": {
							"raw": "http://lms.softhealth.com.mx/api_crud/api/control_usuarios.php?action=off_user",
							"protocol": "http",
							"host": [
								"lms",
								"softhealth",
								"com",
								"mx"
							],
							"path": [
								"api_crud",
								"api",
								"control_usuarios.php"
							],
							"query": [
								{
									"key": "action",
									"value": "off_user"
								}
							]
						}
					},
					"response": []
				}
			]
		},
		{
			"name": "Contestar Actividad",
			"item": [
				{
					"name": "contestar_existe",
					"request": {
						"auth": {
							"type": "basic",
							"basic": [
								{
									"key": "password",
									"value": "s0port3-S0fth34l7",
									"type": "string"
								},
								{
									"key": "username",
									"value": "admin.DEV.Softhealth",
									"type": "string"
								}
							]
						},
						"method": "POST",
						"header": [],
						"body": {
							"mode": "urlencoded",
							"urlencoded": [
								{
									"key": "str_email_usu",
									"value": "anita.mandarina@demo.com",
									"type": "text"
								},
								{
									"key": "str_id_act",
									"value": "ebook_Verduras",
									"type": "text"
								},
								{
									"key": "str_id_rol",
									"value": "1",
									"type": "text"
								}
							]
						},
						"url": {
							"raw": "https://api.kannbal.com/api_crud/api/control_contestar.php?action=existe_contestar",
							"protocol": "https",
							"host": [
								"api",
								"kannbal",
								"com"
							],
							"path": [
								"api_crud",
								"api",
								"control_contestar.php"
							],
							"query": [
								{
									"key": "action",
									"value": "existe_contestar"
								}
							]
						}
					},
					"response": []
				},
				{
					"name": "contestar_crear",
					"request": {
						"auth": {
							"type": "basic",
							"basic": [
								{
									"key": "password",
									"value": "s0port3-S0fth34l7",
									"type": "string"
								},
								{
									"key": "username",
									"value": "admin.DEV.Softhealth",
									"type": "string"
								}
							]
						},
						"method": "POST",
						"header": [],
						"body": {
							"mode": "urlencoded",
							"urlencoded": [
								{
									"key": "str_email_usu",
									"value": "prueba@gmail.com",
									"description": "Va a mandar el correo del usuario para dar de alta el registro",
									"type": "text"
								},
								{
									"key": "str_id_rol",
									"value": "1",
									"description": "Va a mandar de alta el id de la actividad para dar de alta el registro",
									"type": "text"
								},
								{
									"key": "str_id_act",
									"value": "ebook_Verduras",
									"type": "text"
								},
								{
									"key": "int_avance",
									"value": "0",
									"type": "text"
								},
								{
									"key": "str_data",
									"value": "abt-enfermo-tacos-0-0-0",
									"type": "text"
								},
								{
									"key": "txt_status",
									"value": "",
									"type": "text"
								}
							]
						},
						"url": {
							"raw": "http://api.kannbal.com/api_crud/api/control_contestar.php?action=crear_contestar",
							"protocol": "http",
							"host": [
								"api",
								"kannbal",
								"com"
							],
							"path": [
								"api_crud",
								"api",
								"control_contestar.php"
							],
							"query": [
								{
									"key": "action",
									"value": "crear_contestar"
								}
							]
						}
					},
					"response": []
				},
				{
					"name": "contestar_update",
					"request": {
						"auth": {
							"type": "bearer",
							"bearer": [
								{
									"key": "token",
									"value": "eyJhbGciOiJIUzI1NiIsInR5cCI6IkpXVCJ9.eyJlbWFpbF91c3UiOiJhbml0YS5tYW5kYXJpbmFAZGVtby5jb20iLCJleHAiOjE2NzY2NjQzMDJ9.HZWInvHV1ayNqfM3gwT76nPY8SKTfn28EZJMb3jvSgQ",
									"type": "string"
								}
							]
						},
						"method": "POST",
						"header": [],
						"body": {
							"mode": "urlencoded",
							"urlencoded": [
								{
									"key": "str_email_usu",
									"value": "anita.mandarina@demo.com",
									"type": "text"
								},
								{
									"key": "str_id_rol",
									"value": "1",
									"type": "text"
								},
								{
									"key": "str_id_act",
									"value": "frut_invierno",
									"type": "text"
								},
								{
									"key": "int_avance",
									"value": "3",
									"type": "text"
								},
								{
									"key": "str_data",
									"value": "0-1-1-1-1",
									"type": "text"
								},
								{
									"key": "txt_status",
									"value": "complete",
									"type": "text"
								}
							]
						},
						"url": {
							"raw": "http://localhost/api_crud_new/api/control_contestar.php?action=update_contestar",
							"protocol": "http",
							"host": [
								"localhost"
							],
							"path": [
								"api_crud_new",
								"api",
								"control_contestar.php"
							],
							"query": [
								{
									"key": "action",
									"value": "update_contestar"
								}
							]
						}
					},
					"response": []
				}
			]
		}
	]
}