<?xml version="1.0" encoding="UTF-8"?>
<project-private xmlns="http://www.netbeans.org/ns/project-private/1">
    <editor-bookmarks xmlns="http://www.netbeans.org/ns/editor-bookmarks/2" lastBookmarkId="0"/>
    <open-files xmlns="http://www.netbeans.org/ns/projectui-open-files/2">
        <group>
            <file>file:/C:/xampp/htdocs/api_crud/api/modelo_usuarios.php</file>
            <file>file:/C:/xampp/htdocs/api_crud/api/control_login.php</file>
            <file>file:/C:/xampp/htdocs/api_crud/api/control_contestar.php</file>
            <file>file:/C:/xampp/htdocs/api_crud/api/modelo_login.php</file>
            <file>file:/C:/xampp/htdocs/api_crud/api/control_usuarios.php</file>
            <file>file:/C:/xampp/htdocs/api_crud/api/modelo_contestar.php</file>
        </group>
    </open-files>
</project-private>
